url,state,location
https://www.usharbors.com/harbor/massachusetts/,massachusetts,
https://www.usharbors.com/harbor/massachusetts/amelia-earhart-dam-ma/,massachusetts,
https://www.usharbors.com/harbor/massachusetts/amelia-earhart-dam-ma/events/,massachusetts,
https://www.usharbors.com/harbor/massachusetts/amelia-earhart-dam-ma/map,massachusetts,
https://www.usharbors.com/harbor/massachusetts/amelia-earhart-dam-ma/map/,massachusetts,
https://www.usharbors.com/harbor/massachusetts/amelia-earhart-dam-ma/tides/,massachusetts,
https://www.usharbors.com/harbor/massachusetts/amelia-earhart-dam-ma/weather/,massachusetts,
https://www.usharbors.com/harbor/massachusetts/annisquam-lobster-cove-ma/,massachusetts,
https://www.usharbors.com/harbor/massachusetts/annisquam-lobster-cove-ma/events/,massachusetts,
https://www.usharbors.com/harbor/massachusetts/annisquam-lobster-cove-ma/map,massachusetts,
https://www.usharbors.com/harbor/massachusetts/annisquam-lobster-cove-ma/map/,massachusetts,
https://www.usharbors.com/harbor/massachusetts/annisquam-lobster-cove-ma/tides/,massachusetts,
https://www.usharbors.com/harbor/massachusetts/annisquam-lobster-cove-ma/weather/,massachusetts,
https://www.usharbors.com/harbor/massachusetts/barnstable-harbor-ma/,massachusetts,
https://www.usharbors.com/harbor/massachusetts/barnstable-harbor-ma/events/,massachusetts,
https://www.usharbors.com/harbor/massachusetts/barnstable-harbor-ma/map,massachusetts,
https://www.usharbors.com/harbor/massachusetts/barnstable-harbor-ma/map/,massachusetts,
https://www.usharbors.com/harbor/massachusetts/barnstable-harbor-ma/tides/,massachusetts,
https://www.usharbors.com/harbor/massachusetts/barnstable-harbor-ma/weather/,massachusetts,
https://www.usharbors.com/harbor/massachusetts/bass-river-ma/,massachusetts,
https://www.usharbors.com/harbor/massachusetts/bass-river-ma/events/,massachusetts,
https://www.usharbors.com/harbor/massachusetts/bass-river-ma/map,massachusetts,
https://www.usharbors.com/harbor/massachusetts/bass-river-ma/map/,massachusetts,
https://www.usharbors.com/harbor/massachusetts/bass-river-ma/tides/,massachusetts,
https://www.usharbors.com/harbor/massachusetts/bass-river-ma/weather/,massachusetts,
https://www.usharbors.com/harbor/massachusetts/beverly-ma/,massachusetts,
https://www.usharbors.com/harbor/massachusetts/beverly-ma/events/,massachusetts,
https://www.usharbors.com/harbor/massachusetts/beverly-ma/map,massachusetts,
https://www.usharbors.com/harbor/massachusetts/beverly-ma/map/,massachusetts,
https://www.usharbors.com/harbor/massachusetts/beverly-ma/tides/,massachusetts,
https://www.usharbors.com/harbor/massachusetts/beverly-ma/weather/,massachusetts,
https://www.usharbors.com/harbor/massachusetts/boston-harbor-ma/,massachusetts,
https://www.usharbors.com/harbor/massachusetts/boston-harbor-ma/events/,massachusetts,
https://www.usharbors.com/harbor/massachusetts/boston-harbor-ma/map,massachusetts,
https://www.usharbors.com/harbor/massachusetts/boston-harbor-ma/map/,massachusetts,
https://www.usharbors.com/harbor/massachusetts/boston-harbor-ma/tides/,massachusetts,
https://www.usharbors.com/harbor/massachusetts/boston-harbor-ma/weather/,massachusetts,
https://www.usharbors.com/harbor/massachusetts/brant-rock-ma/,massachusetts,
https://www.usharbors.com/harbor/massachusetts/brant-rock-ma/events/,massachusetts,
https://www.usharbors.com/harbor/massachusetts/brant-rock-ma/map,massachusetts,
https://www.usharbors.com/harbor/massachusetts/brant-rock-ma/map/,massachusetts,
https://www.usharbors.com/harbor/massachusetts/brant-rock-ma/tides/,massachusetts,
https://www.usharbors.com/harbor/massachusetts/brant-rock-ma/weather/,massachusetts,
https://www.usharbors.com/harbor/massachusetts/cape-cod-canal-buzzards-bay-ma/,massachusetts,
https://www.usharbors.com/harbor/massachusetts/cape-cod-canal-buzzards-bay-ma/events/,massachusetts,
https://www.usharbors.com/harbor/massachusetts/cape-cod-canal-buzzards-bay-ma/map,massachusetts,
https://www.usharbors.com/harbor/massachusetts/cape-cod-canal-buzzards-bay-ma/map/,massachusetts,
https://www.usharbors.com/harbor/massachusetts/cape-cod-canal-buzzards-bay-ma/tides/,massachusetts,
https://www.usharbors.com/harbor/massachusetts/cape-cod-canal-buzzards-bay-ma/weather/,massachusetts,
https://www.usharbors.com/harbor/massachusetts/cape-cod-canal-east-sandwich-ma/,massachusetts,
https://www.usharbors.com/harbor/massachusetts/cape-cod-canal-east-sandwich-ma/events/,massachusetts,
https://www.usharbors.com/harbor/massachusetts/cape-cod-canal-east-sandwich-ma/map,massachusetts,
https://www.usharbors.com/harbor/massachusetts/cape-cod-canal-east-sandwich-ma/map/,massachusetts,
https://www.usharbors.com/harbor/massachusetts/cape-cod-canal-east-sandwich-ma/tides/,massachusetts,
https://www.usharbors.com/harbor/massachusetts/cape-cod-canal-east-sandwich-ma/weather/,massachusetts,
https://www.usharbors.com/harbor/massachusetts/cedar-tree-neck-ma/,massachusetts,
https://www.usharbors.com/harbor/massachusetts/cedar-tree-neck-ma/events/,massachusetts,
https://www.usharbors.com/harbor/massachusetts/cedar-tree-neck-ma/map,massachusetts,
https://www.usharbors.com/harbor/massachusetts/cedar-tree-neck-ma/map/,massachusetts,
https://www.usharbors.com/harbor/massachusetts/cedar-tree-neck-ma/tides/,massachusetts,
https://www.usharbors.com/harbor/massachusetts/cedar-tree-neck-ma/weather/,massachusetts,
https://www.usharbors.com/harbor/massachusetts/charlestown-charles-river-ma/,massachusetts,
https://www.usharbors.com/harbor/massachusetts/charlestown-charles-river-ma/events/,massachusetts,
https://www.usharbors.com/harbor/massachusetts/charlestown-charles-river-ma/map,massachusetts,
https://www.usharbors.com/harbor/massachusetts/charlestown-charles-river-ma/map/,massachusetts,
https://www.usharbors.com/harbor/massachusetts/charlestown-charles-river-ma/tides/,massachusetts,
https://www.usharbors.com/harbor/massachusetts/charlestown-charles-river-ma/weather/,massachusetts,
https://www.usharbors.com/harbor/massachusetts/chatham-ma/,massachusetts,
https://www.usharbors.com/harbor/massachusetts/chatham-ma/events/,massachusetts,
https://www.usharbors.com/harbor/massachusetts/chatham-ma/map,massachusetts,
https://www.usharbors.com/harbor/massachusetts/chatham-ma/map/,massachusetts,
https://www.usharbors.com/harbor/massachusetts/chatham-ma/tides/,massachusetts,
https://www.usharbors.com/harbor/massachusetts/chatham-ma/weather/,massachusetts,
https://www.usharbors.com/harbor/massachusetts/chatham-stage-harbor-ma/,massachusetts,
https://www.usharbors.com/harbor/massachusetts/chatham-stage-harbor-ma/events/,massachusetts,
https://www.usharbors.com/harbor/massachusetts/chatham-stage-harbor-ma/map,massachusetts,
https://www.usharbors.com/harbor/massachusetts/chatham-stage-harbor-ma/map/,massachusetts,
https://www.usharbors.com/harbor/massachusetts/chatham-stage-harbor-ma/tides/,massachusetts,
https://www.usharbors.com/harbor/massachusetts/chatham-stage-harbor-ma/weather/,massachusetts,
https://www.usharbors.com/harbor/massachusetts/chelsea-ma/,massachusetts,
https://www.usharbors.com/harbor/massachusetts/chelsea-ma/events/,massachusetts,
https://www.usharbors.com/harbor/massachusetts/chelsea-ma/map,massachusetts,
https://www.usharbors.com/harbor/massachusetts/chelsea-ma/map/,massachusetts,
https://www.usharbors.com/harbor/massachusetts/chelsea-ma/tides/,massachusetts,
https://www.usharbors.com/harbor/massachusetts/chelsea-ma/weather/,massachusetts,
https://www.usharbors.com/harbor/massachusetts/cohasset-harbor-white-head-ma/,massachusetts,
https://www.usharbors.com/harbor/massachusetts/cohasset-harbor-white-head-ma/events/,massachusetts,
https://www.usharbors.com/harbor/massachusetts/cohasset-harbor-white-head-ma/map,massachusetts,
https://www.usharbors.com/harbor/massachusetts/cohasset-harbor-white-head-ma/map/,massachusetts,
https://www.usharbors.com/harbor/massachusetts/cohasset-harbor-white-head-ma/tides/,massachusetts,
https://www.usharbors.com/harbor/massachusetts/cohasset-harbor-white-head-ma/weather/,massachusetts,
https://www.usharbors.com/harbor/massachusetts/cotuit-ma/,massachusetts,
https://www.usharbors.com/harbor/massachusetts/cotuit-ma/events/,massachusetts,
https://www.usharbors.com/harbor/massachusetts/cotuit-ma/map,massachusetts,
https://www.usharbors.com/harbor/massachusetts/cotuit-ma/map/,massachusetts,
https://www.usharbors.com/harbor/massachusetts/cotuit-ma/tides/,massachusetts,
https://www.usharbors.com/harbor/massachusetts/cotuit-ma/weather/,massachusetts,
https://www.usharbors.com/harbor/massachusetts/cuttyhunk-ma/,massachusetts,
https://www.usharbors.com/harbor/massachusetts/cuttyhunk-ma/events/,massachusetts,
https://www.usharbors.com/harbor/massachusetts/cuttyhunk-ma/map,massachusetts,
https://www.usharbors.com/harbor/massachusetts/cuttyhunk-ma/map/,massachusetts,
https://www.usharbors.com/harbor/massachusetts/cuttyhunk-ma/tides/,massachusetts,
https://www.usharbors.com/harbor/massachusetts/cuttyhunk-ma/weather/,massachusetts,
https://www.usharbors.com/harbor/massachusetts/deer-island-ma/,massachusetts,
https://www.usharbors.com/harbor/massachusetts/deer-island-ma/events/,massachusetts,
https://www.usharbors.com/harbor/massachusetts/deer-island-ma/map,massachusetts,
https://www.usharbors.com/harbor/massachusetts/deer-island-ma/map/,massachusetts,
https://www.usharbors.com/harbor/massachusetts/deer-island-ma/tides/,massachusetts,
https://www.usharbors.com/harbor/massachusetts/deer-island-ma/weather/,massachusetts,
https://www.usharbors.com/harbor/massachusetts/dennis-port-ma/,massachusetts,
https://www.usharbors.com/harbor/massachusetts/dennis-port-ma/events/,massachusetts,
https://www.usharbors.com/harbor/massachusetts/dennis-port-ma/map,massachusetts,
https://www.usharbors.com/harbor/massachusetts/dennis-port-ma/map/,massachusetts,
https://www.usharbors.com/harbor/massachusetts/dennis-port-ma/tides/,massachusetts,
https://www.usharbors.com/harbor/massachusetts/dennis-port-ma/weather/,massachusetts,
https://www.usharbors.com/harbor/massachusetts/duxbury-harbor-ma/,massachusetts,
https://www.usharbors.com/harbor/massachusetts/duxbury-harbor-ma/events/,massachusetts,
https://www.usharbors.com/harbor/massachusetts/duxbury-harbor-ma/map,massachusetts,
https://www.usharbors.com/harbor/massachusetts/duxbury-harbor-ma/map/,massachusetts,
https://www.usharbors.com/harbor/massachusetts/duxbury-harbor-ma/tides/,massachusetts,
https://www.usharbors.com/harbor/massachusetts/duxbury-harbor-ma/weather/,massachusetts,
https://www.usharbors.com/harbor/massachusetts/edgartown-ma/,massachusetts,
https://www.usharbors.com/harbor/massachusetts/edgartown-ma/events/,massachusetts,
https://www.usharbors.com/harbor/massachusetts/edgartown-ma/map,massachusetts,
https://www.usharbors.com/harbor/massachusetts/edgartown-ma/map/,massachusetts,
https://www.usharbors.com/harbor/massachusetts/edgartown-ma/tides/,massachusetts,
https://www.usharbors.com/harbor/massachusetts/edgartown-ma/weather/,massachusetts,
https://www.usharbors.com/harbor/massachusetts/eel-point-nantucket-ma/,massachusetts,
https://www.usharbors.com/harbor/massachusetts/eel-point-nantucket-ma/events/,massachusetts,
https://www.usharbors.com/harbor/massachusetts/eel-point-nantucket-ma/map,massachusetts,
https://www.usharbors.com/harbor/massachusetts/eel-point-nantucket-ma/map/,massachusetts,
https://www.usharbors.com/harbor/massachusetts/eel-point-nantucket-ma/tides/,massachusetts,
https://www.usharbors.com/harbor/massachusetts/eel-point-nantucket-ma/weather/,massachusetts,
https://www.usharbors.com/harbor/massachusetts/essex-ma/,massachusetts,
https://www.usharbors.com/harbor/massachusetts/essex-ma/events/,massachusetts,
https://www.usharbors.com/harbor/massachusetts/essex-ma/map,massachusetts,
https://www.usharbors.com/harbor/massachusetts/essex-ma/map/,massachusetts,
https://www.usharbors.com/harbor/massachusetts/essex-ma/tides/,massachusetts,
https://www.usharbors.com/harbor/massachusetts/essex-ma/weather/,massachusetts,
https://www.usharbors.com/harbor/massachusetts/fall-river-ma/,massachusetts,
https://www.usharbors.com/harbor/massachusetts/fall-river-ma/events/,massachusetts,
https://www.usharbors.com/harbor/massachusetts/fall-river-ma/map,massachusetts,
https://www.usharbors.com/harbor/massachusetts/fall-river-ma/map/,massachusetts,
https://www.usharbors.com/harbor/massachusetts/fall-river-ma/tides/,massachusetts,
https://www.usharbors.com/harbor/massachusetts/fall-river-ma/weather/,massachusetts,
https://www.usharbors.com/harbor/massachusetts/falmouth-ma/,massachusetts,
https://www.usharbors.com/harbor/massachusetts/falmouth-ma/events/,massachusetts,
https://www.usharbors.com/harbor/massachusetts/falmouth-ma/map,massachusetts,
https://www.usharbors.com/harbor/massachusetts/falmouth-ma/map/,massachusetts,
https://www.usharbors.com/harbor/massachusetts/falmouth-ma/tides/,massachusetts,
https://www.usharbors.com/harbor/massachusetts/falmouth-ma/weather/,massachusetts,
https://www.usharbors.com/harbor/massachusetts/gay-head-marthas-vineyard-ma/,massachusetts,
https://www.usharbors.com/harbor/massachusetts/gay-head-marthas-vineyard-ma/events/,massachusetts,
https://www.usharbors.com/harbor/massachusetts/gay-head-marthas-vineyard-ma/map,massachusetts,
https://www.usharbors.com/harbor/massachusetts/gay-head-marthas-vineyard-ma/map/,massachusetts,
https://www.usharbors.com/harbor/massachusetts/gay-head-marthas-vineyard-ma/tides/,massachusetts,
https://www.usharbors.com/harbor/massachusetts/gay-head-marthas-vineyard-ma/weather/,massachusetts,
https://www.usharbors.com/harbor/massachusetts/gloucester-harbor-ma/,massachusetts,
https://www.usharbors.com/harbor/massachusetts/gloucester-harbor-ma/events/,massachusetts,
https://www.usharbors.com/harbor/massachusetts/gloucester-harbor-ma/map,massachusetts,
https://www.usharbors.com/harbor/massachusetts/gloucester-harbor-ma/map/,massachusetts,
https://www.usharbors.com/harbor/massachusetts/gloucester-harbor-ma/tides/,massachusetts,
https://www.usharbors.com/harbor/massachusetts/gloucester-harbor-ma/weather/,massachusetts,
https://www.usharbors.com/harbor/massachusetts/great-hill-ma/,massachusetts,
https://www.usharbors.com/harbor/massachusetts/great-hill-ma/events/,massachusetts,
https://www.usharbors.com/harbor/massachusetts/great-hill-ma/map,massachusetts,
https://www.usharbors.com/harbor/massachusetts/great-hill-ma/map/,massachusetts,
https://www.usharbors.com/harbor/massachusetts/great-hill-ma/tides/,massachusetts,
https://www.usharbors.com/harbor/massachusetts/great-hill-ma/weather/,massachusetts,
https://www.usharbors.com/harbor/massachusetts/great-point-ma/,massachusetts,
https://www.usharbors.com/harbor/massachusetts/great-point-ma/events/,massachusetts,
https://www.usharbors.com/harbor/massachusetts/great-point-ma/map,massachusetts,
https://www.usharbors.com/harbor/massachusetts/great-point-ma/map/,massachusetts,
https://www.usharbors.com/harbor/massachusetts/great-point-ma/tides/,massachusetts,
https://www.usharbors.com/harbor/massachusetts/great-point-ma/weather/,massachusetts,
https://www.usharbors.com/harbor/massachusetts/harwich-port-ma/,massachusetts,
https://www.usharbors.com/harbor/massachusetts/harwich-port-ma/events/,massachusetts,
https://www.usharbors.com/harbor/massachusetts/harwich-port-ma/map,massachusetts,
https://www.usharbors.com/harbor/massachusetts/harwich-port-ma/map/,massachusetts,
https://www.usharbors.com/harbor/massachusetts/harwich-port-ma/tides/,massachusetts,
https://www.usharbors.com/harbor/massachusetts/harwich-port-ma/weather/,massachusetts,
https://www.usharbors.com/harbor/massachusetts/hingham-ma/,massachusetts,
https://www.usharbors.com/harbor/massachusetts/hingham-ma/events/,massachusetts,
https://www.usharbors.com/harbor/massachusetts/hingham-ma/map,massachusetts,
https://www.usharbors.com/harbor/massachusetts/hingham-ma/map/,massachusetts,
https://www.usharbors.com/harbor/massachusetts/hingham-ma/tides/,massachusetts,
https://www.usharbors.com/harbor/massachusetts/hingham-ma/weather/,massachusetts,
https://www.usharbors.com/harbor/massachusetts/hull-ma/,massachusetts,
https://www.usharbors.com/harbor/massachusetts/hull-ma/events/,massachusetts,
https://www.usharbors.com/harbor/massachusetts/hull-ma/map,massachusetts,
https://www.usharbors.com/harbor/massachusetts/hull-ma/map/,massachusetts,
https://www.usharbors.com/harbor/massachusetts/hull-ma/tides/,massachusetts,
https://www.usharbors.com/harbor/massachusetts/hull-ma/weather/,massachusetts,
https://www.usharbors.com/harbor/massachusetts/hyannis-harbor-ma/,massachusetts,
https://www.usharbors.com/harbor/massachusetts/hyannis-harbor-ma/events/,massachusetts,
https://www.usharbors.com/harbor/massachusetts/hyannis-harbor-ma/map,massachusetts,
https://www.usharbors.com/harbor/massachusetts/hyannis-harbor-ma/map/,massachusetts,
https://www.usharbors.com/harbor/massachusetts/hyannis-harbor-ma/tides/,massachusetts,
https://www.usharbors.com/harbor/massachusetts/hyannis-harbor-ma/weather/,massachusetts,
https://www.usharbors.com/harbor/massachusetts/lynn-harbor-ma/,massachusetts,
https://www.usharbors.com/harbor/massachusetts/lynn-harbor-ma/events/,massachusetts,
https://www.usharbors.com/harbor/massachusetts/lynn-harbor-ma/map,massachusetts,
https://www.usharbors.com/harbor/massachusetts/lynn-harbor-ma/map/,massachusetts,
https://www.usharbors.com/harbor/massachusetts/lynn-harbor-ma/tides/,massachusetts,
https://www.usharbors.com/harbor/massachusetts/lynn-harbor-ma/weather/,massachusetts,
https://www.usharbors.com/harbor/massachusetts/manchester-by-the-sea-ma/,massachusetts,
https://www.usharbors.com/harbor/massachusetts/manchester-by-the-sea-ma/events/,massachusetts,
https://www.usharbors.com/harbor/massachusetts/manchester-by-the-sea-ma/map,massachusetts,
https://www.usharbors.com/harbor/massachusetts/manchester-by-the-sea-ma/map/,massachusetts,
https://www.usharbors.com/harbor/massachusetts/manchester-by-the-sea-ma/tides/,massachusetts,
https://www.usharbors.com/harbor/massachusetts/manchester-by-the-sea-ma/weather/,massachusetts,
https://www.usharbors.com/harbor/massachusetts/marblehead-ma/,massachusetts,
https://www.usharbors.com/harbor/massachusetts/marblehead-ma/events/,massachusetts,
https://www.usharbors.com/harbor/massachusetts/marblehead-ma/map,massachusetts,
https://www.usharbors.com/harbor/massachusetts/marblehead-ma/map/,massachusetts,
https://www.usharbors.com/harbor/massachusetts/marblehead-ma/tides/,massachusetts,
https://www.usharbors.com/harbor/massachusetts/marblehead-ma/weather/,massachusetts,
https://www.usharbors.com/harbor/massachusetts/marion-ma/,massachusetts,
https://www.usharbors.com/harbor/massachusetts/marion-ma/events/,massachusetts,
https://www.usharbors.com/harbor/massachusetts/marion-ma/map,massachusetts,
https://www.usharbors.com/harbor/massachusetts/marion-ma/map/,massachusetts,
https://www.usharbors.com/harbor/massachusetts/marion-ma/tides/,massachusetts,
https://www.usharbors.com/harbor/massachusetts/marion-ma/weather/,massachusetts,
https://www.usharbors.com/harbor/massachusetts/mattapoisett-harbor-ma/,massachusetts,
https://www.usharbors.com/harbor/massachusetts/mattapoisett-harbor-ma/events/,massachusetts,
https://www.usharbors.com/harbor/massachusetts/mattapoisett-harbor-ma/map,massachusetts,
https://www.usharbors.com/harbor/massachusetts/mattapoisett-harbor-ma/map/,massachusetts,
https://www.usharbors.com/harbor/massachusetts/mattapoisett-harbor-ma/tides/,massachusetts,
https://www.usharbors.com/harbor/massachusetts/mattapoisett-harbor-ma/weather/,massachusetts,
https://www.usharbors.com/harbor/massachusetts/megansett-harbor-north-falmouth-ma/,massachusetts,
https://www.usharbors.com/harbor/massachusetts/megansett-harbor-north-falmouth-ma/events/,massachusetts,
https://www.usharbors.com/harbor/massachusetts/megansett-harbor-north-falmouth-ma/map,massachusetts,
https://www.usharbors.com/harbor/massachusetts/megansett-harbor-north-falmouth-ma/map/,massachusetts,
https://www.usharbors.com/harbor/massachusetts/megansett-harbor-north-falmouth-ma/tides/,massachusetts,
https://www.usharbors.com/harbor/massachusetts/megansett-harbor-north-falmouth-ma/weather/,massachusetts,
https://www.usharbors.com/harbor/massachusetts/menemsha-harbor-ma/,massachusetts,
https://www.usharbors.com/harbor/massachusetts/menemsha-harbor-ma/events/,massachusetts,
https://www.usharbors.com/harbor/massachusetts/menemsha-harbor-ma/map,massachusetts,
https://www.usharbors.com/harbor/massachusetts/menemsha-harbor-ma/map/,massachusetts,
https://www.usharbors.com/harbor/massachusetts/menemsha-harbor-ma/tides/,massachusetts,
https://www.usharbors.com/harbor/massachusetts/menemsha-harbor-ma/weather/,massachusetts,
https://www.usharbors.com/harbor/massachusetts/merrimack-river-entrance-ma/,massachusetts,
https://www.usharbors.com/harbor/massachusetts/merrimack-river-entrance-ma/events/,massachusetts,
https://www.usharbors.com/harbor/massachusetts/merrimack-river-entrance-ma/map,massachusetts,
https://www.usharbors.com/harbor/massachusetts/merrimack-river-entrance-ma/map/,massachusetts,
https://www.usharbors.com/harbor/massachusetts/merrimack-river-entrance-ma/tides/,massachusetts,
https://www.usharbors.com/harbor/massachusetts/merrimack-river-entrance-ma/weather/,massachusetts,
https://www.usharbors.com/harbor/massachusetts/muskeget-island-ma/,massachusetts,
https://www.usharbors.com/harbor/massachusetts/muskeget-island-ma/events/,massachusetts,
https://www.usharbors.com/harbor/massachusetts/muskeget-island-ma/map,massachusetts,
https://www.usharbors.com/harbor/massachusetts/muskeget-island-ma/map/,massachusetts,
https://www.usharbors.com/harbor/massachusetts/muskeget-island-ma/tides/,massachusetts,
https://www.usharbors.com/harbor/massachusetts/muskeget-island-ma/weather/,massachusetts,
https://www.usharbors.com/harbor/massachusetts/nantucket-ma/,massachusetts,
https://www.usharbors.com/harbor/massachusetts/nantucket-ma/events/,massachusetts,
https://www.usharbors.com/harbor/massachusetts/nantucket-ma/map,massachusetts,
https://www.usharbors.com/harbor/massachusetts/nantucket-ma/map/,massachusetts,
https://www.usharbors.com/harbor/massachusetts/nantucket-ma/tides/,massachusetts,
https://www.usharbors.com/harbor/massachusetts/nantucket-ma/weather/,massachusetts,
https://www.usharbors.com/harbor/massachusetts/neponset-river-ma/,massachusetts,
https://www.usharbors.com/harbor/massachusetts/neponset-river-ma/events/,massachusetts,
https://www.usharbors.com/harbor/massachusetts/neponset-river-ma/map,massachusetts,
https://www.usharbors.com/harbor/massachusetts/neponset-river-ma/map/,massachusetts,
https://www.usharbors.com/harbor/massachusetts/neponset-river-ma/tides/,massachusetts,
https://www.usharbors.com/harbor/massachusetts/neponset-river-ma/weather/,massachusetts,
https://www.usharbors.com/harbor/massachusetts/new-bedford-ma/,massachusetts,
https://www.usharbors.com/harbor/massachusetts/new-bedford-ma/events/,massachusetts,
https://www.usharbors.com/harbor/massachusetts/new-bedford-ma/map,massachusetts,
https://www.usharbors.com/harbor/massachusetts/new-bedford-ma/map/,massachusetts,
https://www.usharbors.com/harbor/massachusetts/new-bedford-ma/tides/,massachusetts,
https://www.usharbors.com/harbor/massachusetts/new-bedford-ma/weather/,massachusetts,
https://www.usharbors.com/harbor/massachusetts/newburyport-merrimack-river-ma/,massachusetts,
https://www.usharbors.com/harbor/massachusetts/newburyport-merrimack-river-ma/events/,massachusetts,
https://www.usharbors.com/harbor/massachusetts/newburyport-merrimack-river-ma/map,massachusetts,
https://www.usharbors.com/harbor/massachusetts/newburyport-merrimack-river-ma/map/,massachusetts,
https://www.usharbors.com/harbor/massachusetts/newburyport-merrimack-river-ma/tides/,massachusetts,
https://www.usharbors.com/harbor/massachusetts/newburyport-merrimack-river-ma/weather/,massachusetts,
https://www.usharbors.com/harbor/massachusetts/north-river-ma/,massachusetts,
https://www.usharbors.com/harbor/massachusetts/north-river-ma/events/,massachusetts,
https://www.usharbors.com/harbor/massachusetts/north-river-ma/map,massachusetts,
https://www.usharbors.com/harbor/massachusetts/north-river-ma/map/,massachusetts,
https://www.usharbors.com/harbor/massachusetts/north-river-ma/tides/,massachusetts,
https://www.usharbors.com/harbor/massachusetts/north-river-ma/weather/,massachusetts,
https://www.usharbors.com/harbor/massachusetts/oak-bluffs-mv/,massachusetts,
https://www.usharbors.com/harbor/massachusetts/oak-bluffs-mv/events/,massachusetts,
https://www.usharbors.com/harbor/massachusetts/oak-bluffs-mv/map,massachusetts,
https://www.usharbors.com/harbor/massachusetts/oak-bluffs-mv/map/,massachusetts,
https://www.usharbors.com/harbor/massachusetts/oak-bluffs-mv/tides/,massachusetts,
https://www.usharbors.com/harbor/massachusetts/oak-bluffs-mv/weather/,massachusetts,
https://www.usharbors.com/harbor/massachusetts/onset-beach-ma/,massachusetts,
https://www.usharbors.com/harbor/massachusetts/onset-beach-ma/events/,massachusetts,
https://www.usharbors.com/harbor/massachusetts/onset-beach-ma/map,massachusetts,
https://www.usharbors.com/harbor/massachusetts/onset-beach-ma/map/,massachusetts,
https://www.usharbors.com/harbor/massachusetts/onset-beach-ma/tides/,massachusetts,
https://www.usharbors.com/harbor/massachusetts/onset-beach-ma/weather/,massachusetts,
https://www.usharbors.com/harbor/massachusetts/osterville-ma/,massachusetts,
https://www.usharbors.com/harbor/massachusetts/osterville-ma/events/,massachusetts,
https://www.usharbors.com/harbor/massachusetts/osterville-ma/map,massachusetts,
https://www.usharbors.com/harbor/massachusetts/osterville-ma/map/,massachusetts,
https://www.usharbors.com/harbor/massachusetts/osterville-ma/tides/,massachusetts,
https://www.usharbors.com/harbor/massachusetts/osterville-ma/weather/,massachusetts,
https://www.usharbors.com/harbor/massachusetts/padanaram-south-dartmouth-ma/,massachusetts,
https://www.usharbors.com/harbor/massachusetts/padanaram-south-dartmouth-ma/events/,massachusetts,
https://www.usharbors.com/harbor/massachusetts/padanaram-south-dartmouth-ma/map,massachusetts,
https://www.usharbors.com/harbor/massachusetts/padanaram-south-dartmouth-ma/map/,massachusetts,
https://www.usharbors.com/harbor/massachusetts/padanaram-south-dartmouth-ma/tides/,massachusetts,
https://www.usharbors.com/harbor/massachusetts/padanaram-south-dartmouth-ma/weather/,massachusetts,
https://www.usharbors.com/harbor/massachusetts/pleasant-bay-south-orleans-ma/,massachusetts,
https://www.usharbors.com/harbor/massachusetts/pleasant-bay-south-orleans-ma/events/,massachusetts,
https://www.usharbors.com/harbor/massachusetts/pleasant-bay-south-orleans-ma/map,massachusetts,
https://www.usharbors.com/harbor/massachusetts/pleasant-bay-south-orleans-ma/map/,massachusetts,
https://www.usharbors.com/harbor/massachusetts/pleasant-bay-south-orleans-ma/tides/,massachusetts,
https://www.usharbors.com/harbor/massachusetts/pleasant-bay-south-orleans-ma/weather/,massachusetts,
https://www.usharbors.com/harbor/massachusetts/plum-island-sound-ma/,massachusetts,
https://www.usharbors.com/harbor/massachusetts/plum-island-sound-ma/events/,massachusetts,
https://www.usharbors.com/harbor/massachusetts/plum-island-sound-ma/map,massachusetts,
https://www.usharbors.com/harbor/massachusetts/plum-island-sound-ma/map/,massachusetts,
https://www.usharbors.com/harbor/massachusetts/plum-island-sound-ma/tides/,massachusetts,
https://www.usharbors.com/harbor/massachusetts/plum-island-sound-ma/weather/,massachusetts,
https://www.usharbors.com/harbor/massachusetts/plymouth-ma/,massachusetts,
https://www.usharbors.com/harbor/massachusetts/plymouth-ma/events/,massachusetts,
https://www.usharbors.com/harbor/massachusetts/plymouth-ma/map,massachusetts,
https://www.usharbors.com/harbor/massachusetts/plymouth-ma/map/,massachusetts,
https://www.usharbors.com/harbor/massachusetts/plymouth-ma/tides/,massachusetts,
https://www.usharbors.com/harbor/massachusetts/plymouth-ma/weather/,massachusetts,
https://www.usharbors.com/harbor/massachusetts/popponesset-ma/,massachusetts,
https://www.usharbors.com/harbor/massachusetts/popponesset-ma/events/,massachusetts,
https://www.usharbors.com/harbor/massachusetts/popponesset-ma/map,massachusetts,
https://www.usharbors.com/harbor/massachusetts/popponesset-ma/map/,massachusetts,
https://www.usharbors.com/harbor/massachusetts/popponesset-ma/tides/,massachusetts,
https://www.usharbors.com/harbor/massachusetts/popponesset-ma/weather/,massachusetts,
https://www.usharbors.com/harbor/massachusetts/provincetown-ma/,massachusetts,
https://www.usharbors.com/harbor/massachusetts/provincetown-ma/events/,massachusetts,
https://www.usharbors.com/harbor/massachusetts/provincetown-ma/map,massachusetts,
https://www.usharbors.com/harbor/massachusetts/provincetown-ma/map/,massachusetts,
https://www.usharbors.com/harbor/massachusetts/provincetown-ma/tides/,massachusetts,
https://www.usharbors.com/harbor/massachusetts/provincetown-ma/weather/,massachusetts,
https://www.usharbors.com/harbor/massachusetts/quicks-hole-ma/,massachusetts,
https://www.usharbors.com/harbor/massachusetts/quicks-hole-ma/events/,massachusetts,
https://www.usharbors.com/harbor/massachusetts/quicks-hole-ma/map,massachusetts,
https://www.usharbors.com/harbor/massachusetts/quicks-hole-ma/map/,massachusetts,
https://www.usharbors.com/harbor/massachusetts/quicks-hole-ma/tides/,massachusetts,
https://www.usharbors.com/harbor/massachusetts/quicks-hole-ma/weather/,massachusetts,
https://www.usharbors.com/harbor/massachusetts/red-brook-harbor-ma/,massachusetts,
https://www.usharbors.com/harbor/massachusetts/red-brook-harbor-ma/events/,massachusetts,
https://www.usharbors.com/harbor/massachusetts/red-brook-harbor-ma/map,massachusetts,
https://www.usharbors.com/harbor/massachusetts/red-brook-harbor-ma/map/,massachusetts,
https://www.usharbors.com/harbor/massachusetts/red-brook-harbor-ma/tides/,massachusetts,
https://www.usharbors.com/harbor/massachusetts/red-brook-harbor-ma/weather/,massachusetts,
https://www.usharbors.com/harbor/massachusetts/rockport-ma/,massachusetts,
https://www.usharbors.com/harbor/massachusetts/rockport-ma/events/,massachusetts,
https://www.usharbors.com/harbor/massachusetts/rockport-ma/map,massachusetts,
https://www.usharbors.com/harbor/massachusetts/rockport-ma/map/,massachusetts,
https://www.usharbors.com/harbor/massachusetts/rockport-ma/tides/,massachusetts,
https://www.usharbors.com/harbor/massachusetts/rockport-ma/weather/,massachusetts,
https://www.usharbors.com/harbor/massachusetts/round-hill-point-ma/,massachusetts,
https://www.usharbors.com/harbor/massachusetts/round-hill-point-ma/events/,massachusetts,
https://www.usharbors.com/harbor/massachusetts/round-hill-point-ma/map,massachusetts,
https://www.usharbors.com/harbor/massachusetts/round-hill-point-ma/map/,massachusetts,
https://www.usharbors.com/harbor/massachusetts/round-hill-point-ma/tides/,massachusetts,
https://www.usharbors.com/harbor/massachusetts/round-hill-point-ma/weather/,massachusetts,
https://www.usharbors.com/harbor/massachusetts/salem-ma/,massachusetts,
https://www.usharbors.com/harbor/massachusetts/salem-ma/events/,massachusetts,
https://www.usharbors.com/harbor/massachusetts/salem-ma/map,massachusetts,
https://www.usharbors.com/harbor/massachusetts/salem-ma/map/,massachusetts,
https://www.usharbors.com/harbor/massachusetts/salem-ma/tides/,massachusetts,
https://www.usharbors.com/harbor/massachusetts/salem-ma/weather/,massachusetts,
https://www.usharbors.com/harbor/massachusetts/scituate-harbor-ma/,massachusetts,
https://www.usharbors.com/harbor/massachusetts/scituate-harbor-ma/events/,massachusetts,
https://www.usharbors.com/harbor/massachusetts/scituate-harbor-ma/map,massachusetts,
https://www.usharbors.com/harbor/massachusetts/scituate-harbor-ma/map/,massachusetts,
https://www.usharbors.com/harbor/massachusetts/scituate-harbor-ma/tides/,massachusetts,
https://www.usharbors.com/harbor/massachusetts/scituate-harbor-ma/weather/,massachusetts,
https://www.usharbors.com/harbor/massachusetts/sesuit-harbor-east-dennis-ma/,massachusetts,
https://www.usharbors.com/harbor/massachusetts/sesuit-harbor-east-dennis-ma/events/,massachusetts,
https://www.usharbors.com/harbor/massachusetts/sesuit-harbor-east-dennis-ma/map,massachusetts,
https://www.usharbors.com/harbor/massachusetts/sesuit-harbor-east-dennis-ma/map/,massachusetts,
https://www.usharbors.com/harbor/massachusetts/sesuit-harbor-east-dennis-ma/tides/,massachusetts,
https://www.usharbors.com/harbor/massachusetts/sesuit-harbor-east-dennis-ma/weather/,massachusetts,
https://www.usharbors.com/harbor/massachusetts/somerset-ma/,massachusetts,
https://www.usharbors.com/harbor/massachusetts/somerset-ma/events/,massachusetts,
https://www.usharbors.com/harbor/massachusetts/somerset-ma/map,massachusetts,
https://www.usharbors.com/harbor/massachusetts/somerset-ma/map/,massachusetts,
https://www.usharbors.com/harbor/massachusetts/somerset-ma/tides/,massachusetts,
https://www.usharbors.com/harbor/massachusetts/somerset-ma/weather/,massachusetts,
https://www.usharbors.com/harbor/massachusetts/south-yarmouth-ma/,massachusetts,
https://www.usharbors.com/harbor/massachusetts/south-yarmouth-ma/events/,massachusetts,
https://www.usharbors.com/harbor/massachusetts/south-yarmouth-ma/map,massachusetts,
https://www.usharbors.com/harbor/massachusetts/south-yarmouth-ma/map/,massachusetts,
https://www.usharbors.com/harbor/massachusetts/south-yarmouth-ma/tides/,massachusetts,
https://www.usharbors.com/harbor/massachusetts/south-yarmouth-ma/weather/,massachusetts,
https://www.usharbors.com/harbor/massachusetts/squibnocket-point-mv/,massachusetts,
https://www.usharbors.com/harbor/massachusetts/squibnocket-point-mv/events/,massachusetts,
https://www.usharbors.com/harbor/massachusetts/squibnocket-point-mv/map,massachusetts,
https://www.usharbors.com/harbor/massachusetts/squibnocket-point-mv/map/,massachusetts,
https://www.usharbors.com/harbor/massachusetts/squibnocket-point-mv/tides/,massachusetts,
https://www.usharbors.com/harbor/massachusetts/squibnocket-point-mv/weather/,massachusetts,
https://www.usharbors.com/harbor/massachusetts/uncatena-island-hadley-harbor-ma/,massachusetts,
https://www.usharbors.com/harbor/massachusetts/uncatena-island-hadley-harbor-ma/events/,massachusetts,
https://www.usharbors.com/harbor/massachusetts/uncatena-island-hadley-harbor-ma/map,massachusetts,
https://www.usharbors.com/harbor/massachusetts/uncatena-island-hadley-harbor-ma/map/,massachusetts,
https://www.usharbors.com/harbor/massachusetts/uncatena-island-hadley-harbor-ma/tides/,massachusetts,
https://www.usharbors.com/harbor/massachusetts/uncatena-island-hadley-harbor-ma/weather/,massachusetts,
https://www.usharbors.com/harbor/massachusetts/vineyard-haven-ma/,massachusetts,
https://www.usharbors.com/harbor/massachusetts/vineyard-haven-ma/events/,massachusetts,
https://www.usharbors.com/harbor/massachusetts/vineyard-haven-ma/map,massachusetts,
https://www.usharbors.com/harbor/massachusetts/vineyard-haven-ma/map/,massachusetts,
https://www.usharbors.com/harbor/massachusetts/vineyard-haven-ma/tides/,massachusetts,
https://www.usharbors.com/harbor/massachusetts/vineyard-haven-ma/weather/,massachusetts,
https://www.usharbors.com/harbor/massachusetts/wasque-point-chappaquiddick-island-ma/,massachusetts,
https://www.usharbors.com/harbor/massachusetts/wasque-point-chappaquiddick-island-ma/events/,massachusetts,
https://www.usharbors.com/harbor/massachusetts/wasque-point-chappaquiddick-island-ma/map,massachusetts,
https://www.usharbors.com/harbor/massachusetts/wasque-point-chappaquiddick-island-ma/map/,massachusetts,
https://www.usharbors.com/harbor/massachusetts/wasque-point-chappaquiddick-island-ma/tides/,massachusetts,
https://www.usharbors.com/harbor/massachusetts/wasque-point-chappaquiddick-island-ma/weather/,massachusetts,
https://www.usharbors.com/harbor/massachusetts/wellfleet-harbor-ma/,massachusetts,
https://www.usharbors.com/harbor/massachusetts/wellfleet-harbor-ma/events/,massachusetts,
https://www.usharbors.com/harbor/massachusetts/wellfleet-harbor-ma/map,massachusetts,
https://www.usharbors.com/harbor/massachusetts/wellfleet-harbor-ma/map/,massachusetts,
https://www.usharbors.com/harbor/massachusetts/wellfleet-harbor-ma/tides/,massachusetts,
https://www.usharbors.com/harbor/massachusetts/wellfleet-harbor-ma/weather/,massachusetts,
https://www.usharbors.com/harbor/massachusetts/west-falmouth-harbor-ma/,massachusetts,
https://www.usharbors.com/harbor/massachusetts/west-falmouth-harbor-ma/events/,massachusetts,
https://www.usharbors.com/harbor/massachusetts/west-falmouth-harbor-ma/map,massachusetts,
https://www.usharbors.com/harbor/massachusetts/west-falmouth-harbor-ma/map/,massachusetts,
https://www.usharbors.com/harbor/massachusetts/west-falmouth-harbor-ma/tides/,massachusetts,
https://www.usharbors.com/harbor/massachusetts/west-falmouth-harbor-ma/weather/,massachusetts,
https://www.usharbors.com/harbor/massachusetts/westport-harbor-ma/,massachusetts,
https://www.usharbors.com/harbor/massachusetts/westport-harbor-ma/events/,massachusetts,
https://www.usharbors.com/harbor/massachusetts/westport-harbor-ma/map,massachusetts,
https://www.usharbors.com/harbor/massachusetts/westport-harbor-ma/map/,massachusetts,
https://www.usharbors.com/harbor/massachusetts/westport-harbor-ma/tides/,massachusetts,
https://www.usharbors.com/harbor/massachusetts/westport-harbor-ma/weather/,massachusetts,
https://www.usharbors.com/harbor/massachusetts/westport-river-east-branch-ma/,massachusetts,
https://www.usharbors.com/harbor/massachusetts/westport-river-east-branch-ma/events/,massachusetts,
https://www.usharbors.com/harbor/massachusetts/westport-river-east-branch-ma/map,massachusetts,
https://www.usharbors.com/harbor/massachusetts/westport-river-east-branch-ma/map/,massachusetts,
https://www.usharbors.com/harbor/massachusetts/westport-river-east-branch-ma/tides/,massachusetts,
https://www.usharbors.com/harbor/massachusetts/westport-river-east-branch-ma/weather/,massachusetts,
https://www.usharbors.com/harbor/massachusetts/weymouth-back-river-ma/,massachusetts,
https://www.usharbors.com/harbor/massachusetts/weymouth-back-river-ma/events/,massachusetts,
https://www.usharbors.com/harbor/massachusetts/weymouth-back-river-ma/map,massachusetts,
https://www.usharbors.com/harbor/massachusetts/weymouth-back-river-ma/map/,massachusetts,
https://www.usharbors.com/harbor/massachusetts/weymouth-back-river-ma/tides/,massachusetts,
https://www.usharbors.com/harbor/massachusetts/weymouth-back-river-ma/weather/,massachusetts,
https://www.usharbors.com/harbor/massachusetts/weymouth-fore-river-quincy-point-ma/,massachusetts,
https://www.usharbors.com/harbor/massachusetts/weymouth-fore-river-quincy-point-ma/events/,massachusetts,
https://www.usharbors.com/harbor/massachusetts/weymouth-fore-river-quincy-point-ma/map,massachusetts,
https://www.usharbors.com/harbor/massachusetts/weymouth-fore-river-quincy-point-ma/map/,massachusetts,
https://www.usharbors.com/harbor/massachusetts/weymouth-fore-river-quincy-point-ma/tides/,massachusetts,
https://www.usharbors.com/harbor/massachusetts/weymouth-fore-river-quincy-point-ma/weather/,massachusetts,
https://www.usharbors.com/harbor/massachusetts/woods-hole-great-harbor-ma/,massachusetts,
https://www.usharbors.com/harbor/massachusetts/woods-hole-great-harbor-ma/events/,massachusetts,
https://www.usharbors.com/harbor/massachusetts/woods-hole-great-harbor-ma/map,massachusetts,
https://www.usharbors.com/harbor/massachusetts/woods-hole-great-harbor-ma/map/,massachusetts,
https://www.usharbors.com/harbor/massachusetts/woods-hole-great-harbor-ma/tides/,massachusetts,
https://www.usharbors.com/harbor/massachusetts/woods-hole-great-harbor-ma/weather/,massachusetts,
https://www.usharbors.com/harbor/massachusetts/woods-hole-little-harbor-ma/,massachusetts,
https://www.usharbors.com/harbor/massachusetts/woods-hole-little-harbor-ma/events/,massachusetts,
https://www.usharbors.com/harbor/massachusetts/woods-hole-little-harbor-ma/map,massachusetts,
https://www.usharbors.com/harbor/massachusetts/woods-hole-little-harbor-ma/map/,massachusetts,
https://www.usharbors.com/harbor/massachusetts/woods-hole-little-harbor-ma/tides/,massachusetts,
https://www.usharbors.com/harbor/massachusetts/woods-hole-little-harbor-ma/weather/,massachusetts,